series,date,value
Informal Employment,2005-01-01,59.32743629020086
Informal Employment,2005-04-01,59.38129296522857
Informal Employment,2005-07-01,59.62550701728387
Informal Employment,2005-10-01,59.513187915414115
Informal Employment,2006-01-01,58.637925016177206
Informal Employment,2006-04-01,59.09848196566428
Informal Employment,2006-07-01,57.97203851688986
Informal Employment,2006-10-01,57.57161588002919
Informal Employment,2007-01-01,57.36529608974253
Informal Employment,2007-04-01,57.51116027203385
Informal Employment,2007-07-01,57.49422317879674
Informal Employment,2007-10-01,57.616761100417655
Informal Employment,2008-01-01,57.197645856720094
Informal Employment,2008-04-01,57.73692404432387
Informal Employment,2008-07-01,57.79017857142857
Informal Employment,2008-10-01,58.21510837216586
Informal Employment,2009-01-01,58.56961812307525
Informal Employment,2009-04-01,59.414807690849216
Informal Employment,2009-07-01,59.271661488589636
Informal Employment,2009-10-01,59.41781814382412
Informal Employment,2010-01-01,59.11642310765047
Informal Employment,2010-04-01,59.438212872928304
Informal Employment,2010-07-01,58.600523814450746
Informal Employment,2010-10-01,58.90071846777122
Informal Employment,2011-01-01,58.876184078658454
Informal Employment,2011-04-01,58.59497496159621
Informal Employment,2011-07-01,59.024965137706616
Informal Employment,2011-10-01,58.87504467951041
Informal Employment,2012-01-01,58.893422176253694
Informal Employment,2012-04-01,58.79391316748186
Informal Employment,2012-07-01,59.03205146371943
Informal Employment,2012-10-01,58.87185070003366
Informal Employment,2013-01-01,58.198161620251156
Informal Employment,2013-04-01,58.18837989692615
Informal Employment,2013-07-01,58.43419184516141
Informal Employment,2013-10-01,57.80562389252687
Informal Employment,2014-01-01,57.44640636557908
Informal Employment,2014-04-01,56.9756693523655
Informal Employment,2014-07-01,57.49051094876072
Informal Employment,2014-10-01,57.384519930053074
Informal Employment,2015-01-01,57.15843758469051
Informal Employment,2015-04-01,57.19088424714551
Informal Employment,2015-07-01,57.20543258321763
Informal Employment,2015-10-01,57.171808481902495
Informal Employment,2016-01-01,56.7023676779397
Informal Employment,2016-04-01,56.6377445302337
Informal Employment,2016-07-01,56.6629549047627
Informal Employment,2016-10-01,56.7922221283523
Informal Employment,2017-01-01,56.6890292632494
Informal Employment,2017-04-01,56.1842599711151
Informal Employment,2017-07-01,56.8182166741457
Informal Employment,2017-10-01,56.6563676500946
Informal Employment,2018-01-01,56.3649741844057
Informal Employment,2018-04-01,56.1491492394447
Informal Employment,2018-07-01,56.3740130021284
Informal Employment,2018-10-01,55.9513286428886
Informal Employment,2019-01-01,56.1988828988571
Informal Employment,2019-04-01,55.5489776762091
Informal Employment,2019-07-01,55.6263518836336
Informal Employment,2019-10-01,55.1494034244696
Informal Employment,2020-01-01,55.2653968527013
Informal Employment,2020-04-01,51.7517666666667
Informal Employment,2020-07-01,55.0436627114208
Informal Employment,2020-10-01,55.4380567476191
Informal Employment,2021-01-01,55.4167450614932
Informal Employment,2021-04-01,56.2199920839589
Informal Employment,2021-07-01,56.3366864867711
Informal Employment,2021-10-01,55.6100539935828
Informal Employment,2022-01-01,55.024131760477
Informal Employment,2022-04-01,55.6278469365065
Informal Employment,2022-07-01,55.51001776129901
Informal Employment,2022-10-01,54.41584422666429
Informal Employment,2023-01-01,54.54600646426701
Informal Employment,2023-04-01,54.64770224375468
Informal Employment,2023-07-01,54.547772197440565
Informal Employment,2023-10-01,54.069229556617856
Informal Employment,2024-01-01,53.470119774554625
Informal Employment,2024-04-01,53.81569127392041
Informal Employment,2024-07-01,54.08411792978576
Informal Employment,2024-10-01,53.95718673838116
Informal Employment,2025-01-01,53.87617871442914
Informal Employment,2025-04-01,54.49741837838429
Informal Employment,2025-07-01,55.047552050623864
Informal Employment,2025-10-01,54.42559515376813
Informal Employment,2026-01-01,54.40331450543565
Men,2005-01-01,3.574937485695785
Men,2005-04-01,3.402027991462813
Men,2005-07-01,3.443821402629097
Men,2005-10-01,2.954680366623869
Men,2006-01-01,3.450094683871975
Men,2006-04-01,2.9359984072104637
Men,2006-07-01,3.651331304817937
Men,2006-10-01,3.435808925331343
Men,2007-01-01,3.70619000144908
Men,2007-04-01,3.144940052343706
Men,2007-07-01,3.516951073857841
Men,2007-10-01,3.3143601481322054
Men,2008-01-01,3.7745305697902425
Men,2008-04-01,3.2154359647916784
Men,2008-07-01,3.965499593011478
Men,2008-10-01,4.266245634129687
Men,2009-01-01,5.037907818251855
Men,2009-04-01,5.343800638422291
Men,2009-07-01,5.78489748066269
Men,2009-10-01,5.3575103823538415
Men,2010-01-01,5.361411991424007
Men,2010-04-01,5.1981954029819075
Men,2010-07-01,5.459075679638737
Men,2010-10-01,5.582176592453203
Men,2011-01-01,5.325653218797701
Men,2011-04-01,5.252917142486594
Men,2011-07-01,5.37072291416236
Men,2011-10-01,4.950530416883256
Men,2012-01-01,5.056396598984322
Men,2012-04-01,4.789668820128859
Men,2012-07-01,4.989189319804316
Men,2012-10-01,4.8945152506545835
Men,2013-01-01,4.9227924840530175
Men,2013-04-01,5.027449831734123
Men,2013-07-01,5.152301540666828
Men,2013-10-01,4.59489665488573
Men,2014-01-01,4.766924776576832
Men,2014-04-01,4.9379865423857945
Men,2014-07-01,5.2519551817564345
Men,2014-10-01,4.299495230466667
Men,2015-01-01,4.284932923902674
Men,2015-04-01,4.206197783148042
Men,2015-07-01,4.447691526153851
Men,2015-10-01,4.042734112784677
Men,2016-01-01,4.05577373704058
Men,2016-04-01,3.906475294356611
Men,2016-07-01,3.898188646234376
Men,2016-10-01,3.513311793741025
Men,2017-01-01,3.300243186833112
Men,2017-04-01,3.3441840870951625
Men,2017-07-01,3.425434047060688
Men,2017-10-01,3.227152398552
Men,2018-01-01,3.0660342829557736
Men,2018-04-01,3.357197107685523
Men,2018-07-01,3.2465137198162917
Men,2018-10-01,3.1584456720420073
Men,2019-01-01,3.2643668848252023
Men,2019-04-01,3.5085787535534956
Men,2019-07-01,3.73799373366482
Men,2019-10-01,3.376316300398473
Men,2020-01-01,3.425001692753746
Men,2020-07-01,5.3454707015970335
Men,2020-10-01,4.709688761286809
Men,2021-01-01,4.439956145143617
Men,2021-04-01,4.22178846425214
Men,2021-07-01,4.122247917459166
Men,2021-10-01,3.561820906864696
Men,2022-01-01,3.474126200372181
Men,2022-04-01,3.2245929529883637
Men,2022-07-01,3.3203282683202913
Men,2022-10-01,2.937700933596377
Men,2023-01-01,2.6165897706501626
Men,2023-04-01,2.7996836759220907
Men,2023-07-01,2.982069745066479
Men,2023-10-01,2.6693763427002226
Men,2024-01-01,2.43213081470842
Men,2024-04-01,2.6919457327950638
Men,2024-07-01,2.9711689772697687
Men,2024-10-01,2.628453999699115
Men,2025-01-01,2.3946782756720175
Men,2025-04-01,2.5978694206619446
Men,2025-07-01,2.8112774391646576
Men,2025-10-01,2.501416825407744
Men,2026-01-01,2.446072983758717
Underemployed,2005-01-01,15.058231799479888
Underemployed,2005-04-01,15.01400486403646
Underemployed,2005-07-01,15.536470521041446
Underemployed,2005-10-01,14.897219887395504
Underemployed,2006-01-01,14.271284341934702
Underemployed,2006-04-01,14.494949392392787
Underemployed,2006-07-01,14.347884011965744
Underemployed,2006-10-01,14.341809776072823
Underemployed,2007-01-01,13.75895702395927
Underemployed,2007-04-01,13.671625180485002
Underemployed,2007-07-01,13.950860779798042
Underemployed,2007-10-01,13.796455319305858
Underemployed,2008-01-01,13.35768318042886
Underemployed,2008-04-01,13.421989265026545
Underemployed,2008-07-01,13.822893797298912
Underemployed,2008-10-01,13.932401399673264
Underemployed,2009-01-01,12.983803738276185
Underemployed,2009-04-01,13.372268350098716
Underemployed,2009-07-01,13.900109341119338
Underemployed,2009-10-01,14.06662123799033
Underemployed,2010-01-01,13.21581266340432
Underemployed,2010-04-01,13.626788933228466
Underemployed,2010-07-01,13.772674007668696
Underemployed,2010-10-01,14.044258721673598
Underemployed,2011-01-01,12.934203127284285
Underemployed,2011-04-01,13.150827841890688
Underemployed,2011-07-01,13.918526994444514
Underemployed,2011-10-01,13.563162990206553
Underemployed,2012-01-01,13.036246862227829
Underemployed,2012-04-01,13.237377650952254
Underemployed,2012-07-01,13.48948684275029
Underemployed,2012-10-01,13.92087011540453
Underemployed,2013-01-01,13.091061478103708
Underemployed,2013-04-01,13.192891580644
Underemployed,2013-07-01,13.55082797611895
Underemployed,2013-10-01,13.585451316169594
Underemployed,2014-01-01,13.210778210178798
Underemployed,2014-04-01,13.360714237560286
Underemployed,2014-07-01,13.726063183594938
Underemployed,2014-10-01,13.579948131379782
Underemployed,2015-01-01,12.872913697252782
Underemployed,2015-04-01,13.25819951042783
Underemployed,2015-07-01,13.189002282466525
Underemployed,2015-10-01,13.161167584070201
Underemployed,2016-01-01,12.4332305417199
Underemployed,2016-04-01,12.6383329871174
Underemployed,2016-07-01,13.0085108076138
Underemployed,2016-10-01,13.0728105482952
Underemployed,2017-01-01,12.4066907326764
Underemployed,2017-04-01,12.6254116168246
Underemployed,2017-07-01,13.0711758095905
Underemployed,2017-10-01,13.1373951984367
Underemployed,2018-01-01,12.5030955139143
Underemployed,2018-04-01,12.2948857425735
Underemployed,2018-07-01,12.7714677982442
Underemployed,2018-10-01,12.4911127036537
Underemployed,2019-01-01,11.9830066068621
Underemployed,2019-04-01,12.2527630381421
Underemployed,2019-07-01,12.6934454240819
Underemployed,2019-10-01,12.4091071943279
Underemployed,2020-01-01,11.6881368799884
Underemployed,2020-04-01,12.7904430098046
Underemployed,2020-07-01,12.8342835889746
Underemployed,2020-10-01,12.3526169521157
Underemployed,2021-01-01,12.1672911640154
Underemployed,2021-04-01,12.3415746805354
Underemployed,2021-07-01,12.4252711904081
Underemployed,2021-10-01,12.0237615125386
Underemployed,2022-01-01,11.5570423595961
Underemployed,2022-04-01,11.7261017316114
Underemployed,2022-07-01,12.256007923058947
Underemployed,2022-10-01,11.77422824208522
Underemployed,2023-01-01,11.215465137991394
Underemployed,2023-04-01,11.259817036296955
Underemployed,2023-07-01,11.345030931860668
Underemployed,2023-10-01,10.837813521044318
Underemployed,2024-01-01,10.770716381963368
Underemployed,2024-04-01,10.519955606842538
Underemployed,2024-07-01,11.492815789021444
Underemployed,2024-10-01,10.490484848711022
Underemployed,2025-01-01,10.406789822865571
Underemployed,2025-04-01,10.592411671721559
Underemployed,2025-07-01,10.867740923258117
Underemployed,2025-10-01,10.41564614933827
Underemployed,2026-01-01,10.278674369877013
Unemployed,1987-01-01,4.5
Unemployed,1987-02-01,4.7
Unemployed,1987-03-01,4.2
Unemployed,1987-04-01,4.4
Unemployed,1987-05-01,3.9
Unemployed,1987-06-01,3.9
Unemployed,1987-07-01,3.7
Unemployed,1987-08-01,3.7
Unemployed,1987-09-01,3.4
Unemployed,1987-10-01,3.6
Unemployed,1987-11-01,3.5
Unemployed,1987-12-01,3.1
Unemployed,1988-01-01,3.5
Unemployed,1988-02-01,3.3
Unemployed,1988-03-01,3.7
Unemployed,1988-04-01,3.7
Unemployed,1988-05-01,3.7
Unemployed,1988-06-01,3.8
Unemployed,1988-07-01,3.6
Unemployed,1988-08-01,3.5
Unemployed,1988-09-01,3.5
Unemployed,1988-10-01,3.3
Unemployed,1988-11-01,3.5
Unemployed,1988-12-01,3.5
Unemployed,1989-01-01,3.4
Unemployed,1989-02-01,3.1
Unemployed,1989-03-01,3.0
Unemployed,1989-04-01,2.9
Unemployed,1989-05-01,3.1
Unemployed,1989-06-01,2.9
Unemployed,1989-07-01,2.8
Unemployed,1989-08-01,3.1
Unemployed,1989-09-01,2.8
Unemployed,1989-10-01,2.5
Unemployed,1989-11-01,2.7
Unemployed,1989-12-01,2.7
Unemployed,1990-01-01,2.5
Unemployed,1990-02-01,2.5
Unemployed,1990-03-01,2.5
Unemployed,1990-04-01,2.7
Unemployed,1990-05-01,2.8
Unemployed,1990-06-01,3.0
Unemployed,1990-07-01,3.2
Unemployed,1990-08-01,3.1
Unemployed,1990-09-01,2.4
Unemployed,1990-10-01,3.0
Unemployed,1990-11-01,2.6
Unemployed,1990-12-01,2.6
Unemployed,1991-01-01,2.7
Unemployed,1991-02-01,2.6
Unemployed,1991-03-01,2.9
Unemployed,1991-04-01,2.6
Unemployed,1991-05-01,2.3
Unemployed,1991-06-01,2.2
Unemployed,1991-07-01,2.4
Unemployed,1991-08-01,3.3
Unemployed,1991-09-01,2.8
Unemployed,1991-10-01,2.9
Unemployed,1991-11-01,2.9
Unemployed,1991-12-01,2.8
Unemployed,1992-01-01,2.8
Unemployed,1992-02-01,3.1
Unemployed,1992-03-01,2.7
Unemployed,1992-04-01,2.7
Unemployed,1992-05-01,2.9
Unemployed,1992-06-01,2.8
Unemployed,1992-07-01,2.8
Unemployed,1992-08-01,2.6
Unemployed,1992-09-01,2.4
Unemployed,1992-10-01,2.6
Unemployed,1992-11-01,3.3
Unemployed,1992-12-01,2.8
Unemployed,1993-01-01,3.0
Unemployed,1993-02-01,3.5
Unemployed,1993-03-01,3.5
Unemployed,1993-04-01,3.0
Unemployed,1993-05-01,3.3
Unemployed,1993-06-01,3.2
Unemployed,1993-07-01,3.3
Unemployed,1993-08-01,4.0
Unemployed,1993-09-01,3.7
Unemployed,1993-10-01,3.4
Unemployed,1993-11-01,3.5
Unemployed,1993-12-01,3.6
Unemployed,1994-01-01,3.7
Unemployed,1994-02-01,3.6
Unemployed,1994-03-01,3.5
Unemployed,1994-04-01,3.6
Unemployed,1994-05-01,3.3
Unemployed,1994-06-01,3.4
Unemployed,1994-07-01,3.5
Unemployed,1994-08-01,3.6
Unemployed,1994-09-01,3.6
Unemployed,1994-10-01,3.9
Unemployed,1994-11-01,4.1
Unemployed,1994-12-01,4.0
Unemployed,1995-01-01,4.4
Unemployed,1995-02-01,5.1
Unemployed,1995-03-01,5.6
Unemployed,1995-04-01,6.1
Unemployed,1995-05-01,6.5
Unemployed,1995-06-01,6.7
Unemployed,1995-07-01,6.8
Unemployed,1995-08-01,7.6
Unemployed,1995-09-01,6.7
Unemployed,1995-10-01,6.6
Unemployed,1995-11-01,6.4
Unemployed,1995-12-01,6.6
Unemployed,1996-01-01,6.2
Unemployed,1996-02-01,6.1
Unemployed,1996-03-01,5.8
Unemployed,1996-04-01,5.8
Unemployed,1996-05-01,5.4
Unemployed,1996-06-01,5.6
Unemployed,1996-07-01,5.4
Unemployed,1996-08-01,5.3
Unemployed,1996-09-01,5.4
Unemployed,1996-10-01,5.0
Unemployed,1996-11-01,5.1
Unemployed,1996-12-01,4.4
Unemployed,1997-01-01,4.3
Unemployed,1997-02-01,3.8
Unemployed,1997-03-01,4.1
Unemployed,1997-04-01,4.0
Unemployed,1997-05-01,4.0
Unemployed,1997-06-01,3.6
Unemployed,1997-07-01,4.0
Unemployed,1997-08-01,3.6
Unemployed,1997-09-01,3.4
Unemployed,1997-10-01,3.3
Unemployed,1997-11-01,3.4
Unemployed,1997-12-01,3.1
Unemployed,1998-01-01,3.5
Unemployed,1998-02-01,3.4
Unemployed,1998-03-01,3.3
Unemployed,1998-04-01,3.1
Unemployed,1998-05-01,3.3
Unemployed,1998-06-01,3.3
Unemployed,1998-07-01,3.3
Unemployed,1998-08-01,3.1
Unemployed,1998-09-01,3.2
Unemployed,1998-10-01,3.1
Unemployed,1998-11-01,3.0
Unemployed,1998-12-01,3.1
Unemployed,1999-01-01,2.6
Unemployed,1999-02-01,3.1
Unemployed,1999-03-01,2.7
Unemployed,1999-04-01,2.8
Unemployed,1999-05-01,2.6
Unemployed,1999-06-01,2.7
Unemployed,1999-07-01,2.3
Unemployed,1999-08-01,2.5
Unemployed,1999-09-01,2.3
Unemployed,1999-10-01,2.4
Unemployed,1999-11-01,2.3
Unemployed,1999-12-01,2.4
Unemployed,2000-01-01,2.3
Unemployed,2000-02-01,2.1
Unemployed,2000-03-01,2.2
Unemployed,2000-04-01,2.792068
Unemployed,2000-05-01,2.722647
Unemployed,2000-06-01,2.72309
Unemployed,2000-07-01,2.457457
Unemployed,2000-08-01,2.72916
Unemployed,2000-09-01,2.619258
Unemployed,2000-10-01,2.487701
Unemployed,2000-11-01,2.359279
Unemployed,2000-12-01,2.547241
Unemployed,2001-01-01,2.544988
Unemployed,2001-02-01,3.209051
Unemployed,2001-03-01,2.663894
Unemployed,2001-04-01,2.703472
Unemployed,2001-05-01,2.780142
Unemployed,2001-06-01,2.737625
Unemployed,2001-07-01,2.82023
Unemployed,2001-08-01,2.30718
Unemployed,2001-09-01,2.503783
Unemployed,2001-10-01,2.863269
Unemployed,2001-11-01,2.996422
Unemployed,2001-12-01,3.086165
Unemployed,2002-01-01,3.360129
Unemployed,2002-02-01,3.03529
Unemployed,2002-03-01,3.022208
Unemployed,2002-04-01,3.05236
Unemployed,2002-05-01,3.128937
Unemployed,2002-06-01,3.039378
Unemployed,2002-07-01,2.907495
Unemployed,2002-08-01,2.777408
Unemployed,2002-09-01,2.886344
Unemployed,2002-10-01,2.794946
Unemployed,2002-11-01,3.00077
Unemployed,2002-12-01,2.729125
Unemployed,2003-01-01,2.890019
Unemployed,2003-02-01,2.98038
Unemployed,2003-03-01,3.123908
Unemployed,2003-04-01,3.0915
Unemployed,2003-05-01,3.191952
Unemployed,2003-06-01,3.267429
Unemployed,2003-07-01,3.576365
Unemployed,2003-08-01,3.664692
Unemployed,2003-09-01,3.816401
Unemployed,2003-10-01,3.769731
Unemployed,2003-11-01,4.035325
Unemployed,2003-12-01,3.402546
Unemployed,2004-01-01,3.777796
Unemployed,2004-02-01,4.043839
Unemployed,2004-03-01,3.921735
Unemployed,2004-04-01,3.987647
Unemployed,2004-05-01,3.884007
Unemployed,2004-06-01,3.958375
Unemployed,2004-07-01,3.795059
Unemployed,2004-08-01,3.997989
Unemployed,2004-09-01,3.84378
Unemployed,2004-10-01,3.900006
Unemployed,2004-11-01,3.868527
Unemployed,2004-12-01,4.034563
Unemployed,2005-01-01,3.982817
Unemployed,2005-02-01,3.669114
Unemployed,2005-03-01,3.793549
Unemployed,2005-04-01,3.793352
Unemployed,2005-05-01,3.632962
Unemployed,2005-06-01,3.837715
Unemployed,2005-07-01,3.758892
Unemployed,2005-08-01,3.407213
Unemployed,2005-09-01,3.479585
Unemployed,2005-10-01,3.435569
Unemployed,2005-11-01,3.164798
Unemployed,2005-12-01,3.184801
Unemployed,2006-01-01,3.351176
Unemployed,2006-02-01,3.626587
Unemployed,2006-03-01,3.605597
Unemployed,2006-04-01,3.409414
Unemployed,2006-05-01,3.174789
Unemployed,2006-06-01,3.470916
Unemployed,2006-07-01,3.651121
Unemployed,2006-08-01,3.783237
Unemployed,2006-09-01,3.676811
Unemployed,2006-10-01,3.768949
Unemployed,2006-11-01,3.803094
Unemployed,2006-12-01,3.848763
Unemployed,2007-01-01,3.770172
Unemployed,2007-02-01,3.94378
Unemployed,2007-03-01,4.151045
Unemployed,2007-04-01,3.719453
Unemployed,2007-05-01,3.534609
Unemployed,2007-06-01,3.40948
Unemployed,2007-07-01,3.669277
Unemployed,2007-08-01,3.637018
Unemployed,2007-09-01,3.584829
Unemployed,2007-10-01,3.8054
Unemployed,2007-11-01,3.628641
Unemployed,2007-12-01,3.793504
Unemployed,2008-01-01,3.799449
Unemployed,2008-02-01,3.816644
Unemployed,2008-03-01,4.021307
Unemployed,2008-04-01,3.716873
Unemployed,2008-05-01,3.510984
Unemployed,2008-06-01,3.696068
Unemployed,2008-07-01,3.818376
Unemployed,2008-08-01,3.882955
Unemployed,2008-09-01,3.967839
Unemployed,2008-10-01,3.991312
Unemployed,2008-11-01,4.665802
Unemployed,2008-12-01,4.806071
Unemployed,2009-01-01,4.787987
Unemployed,2009-02-01,5.234508
Unemployed,2009-03-01,5.060031
Unemployed,2009-04-01,5.435072
Unemployed,2009-05-01,5.701763
Unemployed,2009-06-01,5.354333
Unemployed,2009-07-01,5.711315
Unemployed,2009-08-01,5.897414
Unemployed,2009-09-01,5.975783
Unemployed,2009-10-01,5.794461
Unemployed,2009-11-01,5.505585
Unemployed,2009-12-01,5.334024
Unemployed,2010-01-01,5.615595
Unemployed,2010-02-01,5.388238
Unemployed,2010-03-01,5.182339
Unemployed,2010-04-01,5.525831
Unemployed,2010-05-01,5.420194
Unemployed,2010-06-01,5.231221
Unemployed,2010-07-01,5.310236
Unemployed,2010-08-01,5.086222
Unemployed,2010-09-01,5.326416
Unemployed,2010-10-01,5.523393
Unemployed,2010-11-01,5.492785
Unemployed,2010-12-01,5.469193
Unemployed,2011-01-01,5.215539
Unemployed,2011-02-01,5.351094
Unemployed,2011-03-01,4.97566
Unemployed,2011-04-01,5.25505
Unemployed,2011-05-01,5.440792
Unemployed,2011-06-01,5.550391
Unemployed,2011-07-01,5.263579
Unemployed,2011-08-01,5.404063
Unemployed,2011-09-01,5.290166
Unemployed,2011-10-01,4.89677
Unemployed,2011-11-01,5.152272
Unemployed,2011-12-01,5.015948
Unemployed,2012-01-01,4.73964
Unemployed,2012-02-01,5.298313
Unemployed,2012-03-01,5.032595
Unemployed,2012-04-01,4.947942
Unemployed,2012-05-01,5.01194
Unemployed,2012-06-01,4.912283
Unemployed,2012-07-01,4.68641
Unemployed,2012-08-01,5.014089
Unemployed,2012-09-01,4.662688
Unemployed,2012-10-01,4.908213
Unemployed,2012-11-01,5.297711
Unemployed,2012-12-01,4.935934
Unemployed,2013-01-01,5.208402
Unemployed,2013-02-01,4.889736
Unemployed,2013-03-01,4.899189
Unemployed,2013-04-01,5.14115
Unemployed,2013-05-01,5.098698
Unemployed,2013-06-01,5.06386
Unemployed,2013-07-01,4.805182
Unemployed,2013-08-01,4.828038
Unemployed,2013-09-01,4.948873
Unemployed,2013-10-01,4.873627
Unemployed,2013-11-01,4.632699
Unemployed,2013-12-01,4.761398
Unemployed,2014-01-01,4.891154
Unemployed,2014-02-01,4.68048
Unemployed,2014-03-01,5.259152
Unemployed,2014-04-01,4.955307
Unemployed,2014-05-01,5.051428
Unemployed,2014-06-01,4.863037
Unemployed,2014-07-01,5.154326
Unemployed,2014-08-01,4.825851
Unemployed,2014-09-01,4.773287
Unemployed,2014-10-01,4.634499
Unemployed,2014-11-01,4.674592
Unemployed,2014-12-01,4.186252
Unemployed,2015-01-01,4.354094
Unemployed,2015-02-01,4.376806
Unemployed,2015-03-01,4.252056
Unemployed,2015-04-01,4.407934
Unemployed,2015-05-01,4.537936
Unemployed,2015-06-01,4.43381
Unemployed,2015-07-01,4.424414
Unemployed,2015-08-01,4.386915
Unemployed,2015-09-01,4.16598
Unemployed,2015-10-01,4.439894
Unemployed,2015-11-01,4.120426
Unemployed,2015-12-01,4.339636
Unemployed,2016-01-01,4.101223
Unemployed,2016-02-01,4.21014
Unemployed,2016-03-01,4.104272
Unemployed,2016-04-01,3.918272
Unemployed,2016-05-01,4.108895
Unemployed,2016-06-01,3.927369
Unemployed,2016-07-01,3.79022
Unemployed,2016-08-01,3.728178
Unemployed,2016-09-01,3.835977
Unemployed,2016-10-01,3.582448
Unemployed,2016-11-01,3.622031
Unemployed,2016-12-01,3.694968
Unemployed,2017-01-01,3.473645
Unemployed,2017-02-01,3.430882
Unemployed,2017-03-01,3.526181
Unemployed,2017-04-01,3.548293
Unemployed,2017-05-01,3.604059
Unemployed,2017-06-01,3.273546
Unemployed,2017-07-01,3.221147
Unemployed,2017-08-01,3.263968
Unemployed,2017-09-01,3.340499
Unemployed,2017-10-01,3.435233
Unemployed,2017-11-01,3.501299
Unemployed,2017-12-01,3.406207
Unemployed,2018-01-01,3.225843
Unemployed,2018-02-01,3.178413
Unemployed,2018-03-01,3.225693
Unemployed,2018-04-01,3.446066
Unemployed,2018-05-01,3.2321
Unemployed,2018-06-01,3.323528
Unemployed,2018-07-01,3.231655
Unemployed,2018-08-01,3.186075
Unemployed,2018-09-01,3.288987
Unemployed,2018-10-01,3.149261
Unemployed,2018-11-01,3.31806
Unemployed,2018-12-01,3.63829
Unemployed,2019-01-01,3.393023
Unemployed,2019-02-01,3.317722
Unemployed,2019-03-01,3.589395
Unemployed,2019-04-01,3.555165
Unemployed,2019-05-01,3.534424
Unemployed,2019-06-01,3.534256
Unemployed,2019-07-01,3.479041
Unemployed,2019-08-01,3.425907
Unemployed,2019-09-01,3.502917
Unemployed,2019-10-01,3.585923
Unemployed,2019-11-01,3.501821
Unemployed,2019-12-01,3.183757
Unemployed,2020-01-01,3.65168
Unemployed,2020-02-01,3.609028
Unemployed,2020-03-01,3.296649
Unemployed,2020-04-01,4.872697
Unemployed,2020-05-01,4.25428
Unemployed,2020-06-01,5.455071
Unemployed,2020-07-01,5.103364
Unemployed,2020-08-01,4.902023
Unemployed,2020-09-01,4.770672
Unemployed,2020-10-01,4.650441
Unemployed,2020-11-01,4.497371
Unemployed,2020-12-01,4.148597
Unemployed,2021-01-01,4.542414
Unemployed,2021-02-01,4.478738
Unemployed,2021-03-01,4.358375
Unemployed,2021-04-01,4.842373
Unemployed,2021-05-01,4.049393
Unemployed,2021-06-01,3.952238
Unemployed,2021-07-01,4.126332
Unemployed,2021-08-01,3.986357
Unemployed,2021-09-01,3.865167
Unemployed,2021-10-01,3.85193
Unemployed,2021-11-01,3.763695
Unemployed,2021-12-01,3.848266
Unemployed,2022-01-01,3.54983
Unemployed,2022-02-01,3.818416
Unemployed,2022-03-01,3.386359
Unemployed,2022-04-01,3.165325
Unemployed,2022-05-01,3.302783
Unemployed,2022-06-01,3.322828
Unemployed,2022-07-01,3.217322
Unemployed,2022-08-01,3.248123
Unemployed,2022-09-01,3.094567
Unemployed,2022-10-01,3.251249
Unemployed,2022-11-01,2.93003
Unemployed,2022-12-01,2.994049
Unemployed,2023-01-01,2.905302
Unemployed,2023-02-01,2.780354
Unemployed,2023-03-01,2.738346
Unemployed,2023-04-01,2.950583
Unemployed,2023-05-01,2.945976
Unemployed,2023-06-01,2.621215
Unemployed,2023-07-01,2.916885
Unemployed,2023-08-01,2.708394
Unemployed,2023-09-01,2.665289
Unemployed,2023-10-01,2.701915
Unemployed,2023-11-01,2.78304
Unemployed,2023-12-01,2.842841
Unemployed,2024-01-01,2.749655
Unemployed,2024-02-01,2.545396
Unemployed,2024-03-01,2.612729
Unemployed,2024-04-01,2.729272
Unemployed,2024-05-01,2.653049
Unemployed,2024-06-01,2.726409
Unemployed,2024-07-01,2.733481
Unemployed,2024-08-01,2.773331
Unemployed,2024-09-01,2.700335
Unemployed,2024-10-01,2.49456
Unemployed,2024-11-01,2.69688
Unemployed,2024-12-01,2.642886
Unemployed,2025-01-01,2.630885
Unemployed,2025-02-01,2.590672
Unemployed,2025-03-01,2.550985
Unemployed,2025-04-01,2.664197
Unemployed,2025-05-01,2.746382
Unemployed,2025-06-01,2.644833
Unemployed,2025-07-01,2.598094
Unemployed,2025-08-01,2.673788
Unemployed,2025-09-01,2.739382
Unemployed,2025-10-01,2.60013
Unemployed,2025-11-01,2.72095
Unemployed,2025-12-01,2.597033
Unemployed,2026-01-01,2.624709
Unemployed,2026-02-01,2.681681
Unemployed,2026-03-01,2.768675
Unemployed,2026-04-01,2.580021
Unemployed,2026-05-01,2.763395
Unemployed,2026-06-01,2.835083
Women,2005-01-01,4.328992301536696
Women,2005-04-01,3.5940098156919036
Women,2005-07-01,4.322925022507427
Women,2005-10-01,3.3815076615934645
Women,2006-01-01,3.653784511819306
Women,2006-04-01,3.4697489483059534
Women,2006-07-01,4.538141129200936
Women,2006-10-01,3.846875206805928
Women,2007-01-01,4.3482038303403625
Women,2007-04-01,3.637885508171824
Women,2007-07-01,4.377745268369155
Women,2007-10-01,3.7077725318904324
Women,2008-01-01,4.066081567151274
Women,2008-04-01,3.812394518885523
Women,2008-07-01,4.390503983918309
Women,2008-10-01,4.0646166562253105
Women,2009-01-01,4.9469942252433245
Women,2009-04-01,4.725951755132167
Women,2009-07-01,6.742894121415846
Women,2009-10-01,5.041607151817912
Women,2010-01-01,5.201906585871859
Women,2010-04-01,5.135837073292058
Women,2010-07-01,5.746336470943798
Women,2010-10-01,4.801861060460214
Women,2011-01-01,4.881622736976793
Women,2011-04-01,5.213598692370243
Women,2011-07-01,5.838539473304875
Women,2011-10-01,4.707720783930164
Women,2012-01-01,4.686866818993011
Women,2012-04-01,4.856383185437804
Women,2012-07-01,5.302571253750096
Women,2012-10-01,4.8296945083500225
Women,2013-01-01,4.883139893938323
Women,2013-04-01,4.994032406412078
Women,2013-07-01,5.388384338781383
Women,2013-10-01,4.7037355452129725
Women,2014-01-01,4.899021190309988
Women,2014-04-01,4.839444444301052
Women,2014-07-01,5.2640611346265045
Women,2014-10-01,4.537803628809776
Women,2015-01-01,4.157166683271636
Women,2015-04-01,4.579681674698687
Women,2015-07-01,4.824706066681151
Women,2015-10-01,4.3416219709037485
Women,2016-01-01,4.04276035508284
Women,2016-04-01,3.9485578678168918
Women,2016-07-01,4.1967926458720965
Women,2016-10-01,3.5600650243502776
Women,2017-01-01,3.5351296623570865
Women,2017-04-01,3.6545081189890296
Women,2017-07-01,3.749855453229857
Women,2017-10-01,3.545835748018187
Women,2018-01-01,3.2117044525229748
Women,2018-04-01,3.2931395777526076
Women,2018-07-01,3.761733550584808
Women,2018-10-01,3.4376994246326515
Women,2019-01-01,3.4941192464979696
Women,2019-04-01,3.571286054434881
Women,2019-07-01,3.728591377832239
Women,2019-10-01,3.370648457417901
Women,2020-01-01,3.441639705104011
Women,2020-07-01,4.836760450535077
Women,2020-10-01,4.28483313909469
Women,2021-01-01,4.2172129830790155
Women,2021-04-01,4.181428593478704
Women,2021-07-01,4.418326901806261
Women,2021-10-01,3.8099977406805445
Women,2022-01-01,3.4226643079972314
Women,2022-04-01,3.2428502744712664
Women,2022-07-01,3.5954159261640464
Women,2022-10-01,3.0574124001590834
Women,2023-01-01,2.71916926615106
Women,2023-04-01,2.834673141687085
Women,2023-07-01,3.007721257133507
Women,2023-10-01,2.7077227853110473
Women,2024-01-01,2.7024213592778987
Women,2024-04-01,2.6342415550348086
Women,2024-07-01,3.045738158675947
Women,2024-10-01,2.4814142957378564
Women,2025-01-01,2.5636183823772454
Women,2025-04-01,2.7491801219242005
Women,2025-07-01,2.9966852183305455
Women,2025-10-01,2.611852242349166
Women,2026-01-01,2.709757449592539
